{"stats":{"minecraft:picked_up":{"minecraft:leather_boots":1,"minecraft:armor_stand":1},"minecraft:used":{"minecraft:stone_sword":4},"minecraft:custom":{"minecraft:jump":46,"minecraft:time_since_rest":20789,"minecraft:damage_dealt":0,"minecraft:damage_taken":10,"lootr:looted_stat":2,"minecraft:crouch_one_cm":408,"minecraft:sprint_one_cm":3994,"minecraft:leave_game":2,"minecraft:play_time":20789,"minecraft:walk_on_water_one_cm":12624,"minecraft:time_since_death":20789,"minecraft:walk_one_cm":14528,"minecraft:sneak_time":288,"minecraft:climb_one_cm":3091,"minecraft:total_world_time":20789,"minecraft:walk_under_water_one_cm":946,"minecraft:swim_one_cm":12451,"minecraft:fly_one_cm":3794}},"DataVersion":2975}